id_hora,hora,minuto,verano
00s,0,0,s
00n,0,0,n
01s,0,1,s
01n,0,1,n
02s,0,2,s
02n,0,2,n
03s,0,3,s
03n,0,3,n
04s,0,4,s
04n,0,4,n
05s,0,5,s
05n,0,5,n
06s,0,6,s
06n,0,6,n
07s,0,7,s
07n,0,7,n
08s,0,8,s
08n,0,8,n
09s,0,9,s
09n,0,9,n
010s,0,10,s
010n,0,10,n
011s,0,11,s
011n,0,11,n
012s,0,12,s
012n,0,12,n
013s,0,13,s
013n,0,13,n
014s,0,14,s
014n,0,14,n
015s,0,15,s
015n,0,15,n
016s,0,16,s
016n,0,16,n
017s,0,17,s
017n,0,17,n
018s,0,18,s
018n,0,18,n
019s,0,19,s
019n,0,19,n
020s,0,20,s
020n,0,20,n
021s,0,21,s
021n,0,21,n
022s,0,22,s
022n,0,22,n
023s,0,23,s
023n,0,23,n
024s,0,24,s
024n,0,24,n
025s,0,25,s
025n,0,25,n
026s,0,26,s
026n,0,26,n
027s,0,27,s
027n,0,27,n
028s,0,28,s
028n,0,28,n
029s,0,29,s
029n,0,29,n
030s,0,30,s
030n,0,30,n
031s,0,31,s
031n,0,31,n
032s,0,32,s
032n,0,32,n
033s,0,33,s
033n,0,33,n
034s,0,34,s
034n,0,34,n
035s,0,35,s
035n,0,35,n
036s,0,36,s
036n,0,36,n
037s,0,37,s
037n,0,37,n
038s,0,38,s
038n,0,38,n
039s,0,39,s
039n,0,39,n
040s,0,40,s
040n,0,40,n
041s,0,41,s
041n,0,41,n
042s,0,42,s
042n,0,42,n
043s,0,43,s
043n,0,43,n
044s,0,44,s
044n,0,44,n
045s,0,45,s
045n,0,45,n
046s,0,46,s
046n,0,46,n
047s,0,47,s
047n,0,47,n
048s,0,48,s
048n,0,48,n
049s,0,49,s
049n,0,49,n
050s,0,50,s
050n,0,50,n
051s,0,51,s
051n,0,51,n
052s,0,52,s
052n,0,52,n
053s,0,53,s
053n,0,53,n
054s,0,54,s
054n,0,54,n
055s,0,55,s
055n,0,55,n
056s,0,56,s
056n,0,56,n
057s,0,57,s
057n,0,57,n
058s,0,58,s
058n,0,58,n
059s,0,59,s
059n,0,59,n
10s,1,0,s
10n,1,0,n
11s,1,1,s
11n,1,1,n
12s,1,2,s
12n,1,2,n
13s,1,3,s
13n,1,3,n
14s,1,4,s
14n,1,4,n
15s,1,5,s
15n,1,5,n
16s,1,6,s
16n,1,6,n
17s,1,7,s
17n,1,7,n
18s,1,8,s
18n,1,8,n
19s,1,9,s
19n,1,9,n
110s,1,10,s
110n,1,10,n
111s,1,11,s
111n,1,11,n
112s,1,12,s
112n,1,12,n
113s,1,13,s
113n,1,13,n
114s,1,14,s
114n,1,14,n
115s,1,15,s
115n,1,15,n
116s,1,16,s
116n,1,16,n
117s,1,17,s
117n,1,17,n
118s,1,18,s
118n,1,18,n
119s,1,19,s
119n,1,19,n
120s,1,20,s
120n,1,20,n
121s,1,21,s
121n,1,21,n
122s,1,22,s
122n,1,22,n
123s,1,23,s
123n,1,23,n
124s,1,24,s
124n,1,24,n
125s,1,25,s
125n,1,25,n
126s,1,26,s
126n,1,26,n
127s,1,27,s
127n,1,27,n
128s,1,28,s
128n,1,28,n
129s,1,29,s
129n,1,29,n
130s,1,30,s
130n,1,30,n
131s,1,31,s
131n,1,31,n
132s,1,32,s
132n,1,32,n
133s,1,33,s
133n,1,33,n
134s,1,34,s
134n,1,34,n
135s,1,35,s
135n,1,35,n
136s,1,36,s
136n,1,36,n
137s,1,37,s
137n,1,37,n
138s,1,38,s
138n,1,38,n
139s,1,39,s
139n,1,39,n
140s,1,40,s
140n,1,40,n
141s,1,41,s
141n,1,41,n
142s,1,42,s
142n,1,42,n
143s,1,43,s
143n,1,43,n
144s,1,44,s
144n,1,44,n
145s,1,45,s
145n,1,45,n
146s,1,46,s
146n,1,46,n
147s,1,47,s
147n,1,47,n
148s,1,48,s
148n,1,48,n
149s,1,49,s
149n,1,49,n
150s,1,50,s
150n,1,50,n
151s,1,51,s
151n,1,51,n
152s,1,52,s
152n,1,52,n
153s,1,53,s
153n,1,53,n
154s,1,54,s
154n,1,54,n
155s,1,55,s
155n,1,55,n
156s,1,56,s
156n,1,56,n
157s,1,57,s
157n,1,57,n
158s,1,58,s
158n,1,58,n
159s,1,59,s
159n,1,59,n
20s,2,0,s
20n,2,0,n
21s,2,1,s
21n,2,1,n
22s,2,2,s
22n,2,2,n
23s,2,3,s
23n,2,3,n
24s,2,4,s
24n,2,4,n
25s,2,5,s
25n,2,5,n
26s,2,6,s
26n,2,6,n
27s,2,7,s
27n,2,7,n
28s,2,8,s
28n,2,8,n
29s,2,9,s
29n,2,9,n
210s,2,10,s
210n,2,10,n
211s,2,11,s
211n,2,11,n
212s,2,12,s
212n,2,12,n
213s,2,13,s
213n,2,13,n
214s,2,14,s
214n,2,14,n
215s,2,15,s
215n,2,15,n
216s,2,16,s
216n,2,16,n
217s,2,17,s
217n,2,17,n
218s,2,18,s
218n,2,18,n
219s,2,19,s
219n,2,19,n
220s,2,20,s
220n,2,20,n
221s,2,21,s
221n,2,21,n
222s,2,22,s
222n,2,22,n
223s,2,23,s
223n,2,23,n
224s,2,24,s
224n,2,24,n
225s,2,25,s
225n,2,25,n
226s,2,26,s
226n,2,26,n
227s,2,27,s
227n,2,27,n
228s,2,28,s
228n,2,28,n
229s,2,29,s
229n,2,29,n
230s,2,30,s
230n,2,30,n
231s,2,31,s
231n,2,31,n
232s,2,32,s
232n,2,32,n
233s,2,33,s
233n,2,33,n
234s,2,34,s
234n,2,34,n
235s,2,35,s
235n,2,35,n
236s,2,36,s
236n,2,36,n
237s,2,37,s
237n,2,37,n
238s,2,38,s
238n,2,38,n
239s,2,39,s
239n,2,39,n
240s,2,40,s
240n,2,40,n
241s,2,41,s
241n,2,41,n
242s,2,42,s
242n,2,42,n
243s,2,43,s
243n,2,43,n
244s,2,44,s
244n,2,44,n
245s,2,45,s
245n,2,45,n
246s,2,46,s
246n,2,46,n
247s,2,47,s
247n,2,47,n
248s,2,48,s
248n,2,48,n
249s,2,49,s
249n,2,49,n
250s,2,50,s
250n,2,50,n
251s,2,51,s
251n,2,51,n
252s,2,52,s
252n,2,52,n
253s,2,53,s
253n,2,53,n
254s,2,54,s
254n,2,54,n
255s,2,55,s
255n,2,55,n
256s,2,56,s
256n,2,56,n
257s,2,57,s
257n,2,57,n
258s,2,58,s
258n,2,58,n
259s,2,59,s
259n,2,59,n
30s,3,0,s
30n,3,0,n
31s,3,1,s
31n,3,1,n
32s,3,2,s
32n,3,2,n
33s,3,3,s
33n,3,3,n
34s,3,4,s
34n,3,4,n
35s,3,5,s
35n,3,5,n
36s,3,6,s
36n,3,6,n
37s,3,7,s
37n,3,7,n
38s,3,8,s
38n,3,8,n
39s,3,9,s
39n,3,9,n
310s,3,10,s
310n,3,10,n
311s,3,11,s
311n,3,11,n
312s,3,12,s
312n,3,12,n
313s,3,13,s
313n,3,13,n
314s,3,14,s
314n,3,14,n
315s,3,15,s
315n,3,15,n
316s,3,16,s
316n,3,16,n
317s,3,17,s
317n,3,17,n
318s,3,18,s
318n,3,18,n
319s,3,19,s
319n,3,19,n
320s,3,20,s
320n,3,20,n
321s,3,21,s
321n,3,21,n
322s,3,22,s
322n,3,22,n
323s,3,23,s
323n,3,23,n
324s,3,24,s
324n,3,24,n
325s,3,25,s
325n,3,25,n
326s,3,26,s
326n,3,26,n
327s,3,27,s
327n,3,27,n
328s,3,28,s
328n,3,28,n
329s,3,29,s
329n,3,29,n
330s,3,30,s
330n,3,30,n
331s,3,31,s
331n,3,31,n
332s,3,32,s
332n,3,32,n
333s,3,33,s
333n,3,33,n
334s,3,34,s
334n,3,34,n
335s,3,35,s
335n,3,35,n
336s,3,36,s
336n,3,36,n
337s,3,37,s
337n,3,37,n
338s,3,38,s
338n,3,38,n
339s,3,39,s
339n,3,39,n
340s,3,40,s
340n,3,40,n
341s,3,41,s
341n,3,41,n
342s,3,42,s
342n,3,42,n
343s,3,43,s
343n,3,43,n
344s,3,44,s
344n,3,44,n
345s,3,45,s
345n,3,45,n
346s,3,46,s
346n,3,46,n
347s,3,47,s
347n,3,47,n
348s,3,48,s
348n,3,48,n
349s,3,49,s
349n,3,49,n
350s,3,50,s
350n,3,50,n
351s,3,51,s
351n,3,51,n
352s,3,52,s
352n,3,52,n
353s,3,53,s
353n,3,53,n
354s,3,54,s
354n,3,54,n
355s,3,55,s
355n,3,55,n
356s,3,56,s
356n,3,56,n
357s,3,57,s
357n,3,57,n
358s,3,58,s
358n,3,58,n
359s,3,59,s
359n,3,59,n
40s,4,0,s
40n,4,0,n
41s,4,1,s
41n,4,1,n
42s,4,2,s
42n,4,2,n
43s,4,3,s
43n,4,3,n
44s,4,4,s
44n,4,4,n
45s,4,5,s
45n,4,5,n
46s,4,6,s
46n,4,6,n
47s,4,7,s
47n,4,7,n
48s,4,8,s
48n,4,8,n
49s,4,9,s
49n,4,9,n
410s,4,10,s
410n,4,10,n
411s,4,11,s
411n,4,11,n
412s,4,12,s
412n,4,12,n
413s,4,13,s
413n,4,13,n
414s,4,14,s
414n,4,14,n
415s,4,15,s
415n,4,15,n
416s,4,16,s
416n,4,16,n
417s,4,17,s
417n,4,17,n
418s,4,18,s
418n,4,18,n
419s,4,19,s
419n,4,19,n
420s,4,20,s
420n,4,20,n
421s,4,21,s
421n,4,21,n
422s,4,22,s
422n,4,22,n
423s,4,23,s
423n,4,23,n
424s,4,24,s
424n,4,24,n
425s,4,25,s
425n,4,25,n
426s,4,26,s
426n,4,26,n
427s,4,27,s
427n,4,27,n
428s,4,28,s
428n,4,28,n
429s,4,29,s
429n,4,29,n
430s,4,30,s
430n,4,30,n
431s,4,31,s
431n,4,31,n
432s,4,32,s
432n,4,32,n
433s,4,33,s
433n,4,33,n
434s,4,34,s
434n,4,34,n
435s,4,35,s
435n,4,35,n
436s,4,36,s
436n,4,36,n
437s,4,37,s
437n,4,37,n
438s,4,38,s
438n,4,38,n
439s,4,39,s
439n,4,39,n
440s,4,40,s
440n,4,40,n
441s,4,41,s
441n,4,41,n
442s,4,42,s
442n,4,42,n
443s,4,43,s
443n,4,43,n
444s,4,44,s
444n,4,44,n
445s,4,45,s
445n,4,45,n
446s,4,46,s
446n,4,46,n
447s,4,47,s
447n,4,47,n
448s,4,48,s
448n,4,48,n
449s,4,49,s
449n,4,49,n
450s,4,50,s
450n,4,50,n
451s,4,51,s
451n,4,51,n
452s,4,52,s
452n,4,52,n
453s,4,53,s
453n,4,53,n
454s,4,54,s
454n,4,54,n
455s,4,55,s
455n,4,55,n
456s,4,56,s
456n,4,56,n
457s,4,57,s
457n,4,57,n
458s,4,58,s
458n,4,58,n
459s,4,59,s
459n,4,59,n
50s,5,0,s
50n,5,0,n
51s,5,1,s
51n,5,1,n
52s,5,2,s
52n,5,2,n
53s,5,3,s
53n,5,3,n
54s,5,4,s
54n,5,4,n
55s,5,5,s
55n,5,5,n
56s,5,6,s
56n,5,6,n
57s,5,7,s
57n,5,7,n
58s,5,8,s
58n,5,8,n
59s,5,9,s
59n,5,9,n
510s,5,10,s
510n,5,10,n
511s,5,11,s
511n,5,11,n
512s,5,12,s
512n,5,12,n
513s,5,13,s
513n,5,13,n
514s,5,14,s
514n,5,14,n
515s,5,15,s
515n,5,15,n
516s,5,16,s
516n,5,16,n
517s,5,17,s
517n,5,17,n
518s,5,18,s
518n,5,18,n
519s,5,19,s
519n,5,19,n
520s,5,20,s
520n,5,20,n
521s,5,21,s
521n,5,21,n
522s,5,22,s
522n,5,22,n
523s,5,23,s
523n,5,23,n
524s,5,24,s
524n,5,24,n
525s,5,25,s
525n,5,25,n
526s,5,26,s
526n,5,26,n
527s,5,27,s
527n,5,27,n
528s,5,28,s
528n,5,28,n
529s,5,29,s
529n,5,29,n
530s,5,30,s
530n,5,30,n
531s,5,31,s
531n,5,31,n
532s,5,32,s
532n,5,32,n
533s,5,33,s
533n,5,33,n
534s,5,34,s
534n,5,34,n
535s,5,35,s
535n,5,35,n
536s,5,36,s
536n,5,36,n
537s,5,37,s
537n,5,37,n
538s,5,38,s
538n,5,38,n
539s,5,39,s
539n,5,39,n
540s,5,40,s
540n,5,40,n
541s,5,41,s
541n,5,41,n
542s,5,42,s
542n,5,42,n
543s,5,43,s
543n,5,43,n
544s,5,44,s
544n,5,44,n
545s,5,45,s
545n,5,45,n
546s,5,46,s
546n,5,46,n
547s,5,47,s
547n,5,47,n
548s,5,48,s
548n,5,48,n
549s,5,49,s
549n,5,49,n
550s,5,50,s
550n,5,50,n
551s,5,51,s
551n,5,51,n
552s,5,52,s
552n,5,52,n
553s,5,53,s
553n,5,53,n
554s,5,54,s
554n,5,54,n
555s,5,55,s
555n,5,55,n
556s,5,56,s
556n,5,56,n
557s,5,57,s
557n,5,57,n
558s,5,58,s
558n,5,58,n
559s,5,59,s
559n,5,59,n
60s,6,0,s
60n,6,0,n
61s,6,1,s
61n,6,1,n
62s,6,2,s
62n,6,2,n
63s,6,3,s
63n,6,3,n
64s,6,4,s
64n,6,4,n
65s,6,5,s
65n,6,5,n
66s,6,6,s
66n,6,6,n
67s,6,7,s
67n,6,7,n
68s,6,8,s
68n,6,8,n
69s,6,9,s
69n,6,9,n
610s,6,10,s
610n,6,10,n
611s,6,11,s
611n,6,11,n
612s,6,12,s
612n,6,12,n
613s,6,13,s
613n,6,13,n
614s,6,14,s
614n,6,14,n
615s,6,15,s
615n,6,15,n
616s,6,16,s
616n,6,16,n
617s,6,17,s
617n,6,17,n
618s,6,18,s
618n,6,18,n
619s,6,19,s
619n,6,19,n
620s,6,20,s
620n,6,20,n
621s,6,21,s
621n,6,21,n
622s,6,22,s
622n,6,22,n
623s,6,23,s
623n,6,23,n
624s,6,24,s
624n,6,24,n
625s,6,25,s
625n,6,25,n
626s,6,26,s
626n,6,26,n
627s,6,27,s
627n,6,27,n
628s,6,28,s
628n,6,28,n
629s,6,29,s
629n,6,29,n
630s,6,30,s
630n,6,30,n
631s,6,31,s
631n,6,31,n
632s,6,32,s
632n,6,32,n
633s,6,33,s
633n,6,33,n
634s,6,34,s
634n,6,34,n
635s,6,35,s
635n,6,35,n
636s,6,36,s
636n,6,36,n
637s,6,37,s
637n,6,37,n
638s,6,38,s
638n,6,38,n
639s,6,39,s
639n,6,39,n
640s,6,40,s
640n,6,40,n
641s,6,41,s
641n,6,41,n
642s,6,42,s
642n,6,42,n
643s,6,43,s
643n,6,43,n
644s,6,44,s
644n,6,44,n
645s,6,45,s
645n,6,45,n
646s,6,46,s
646n,6,46,n
647s,6,47,s
647n,6,47,n
648s,6,48,s
648n,6,48,n
649s,6,49,s
649n,6,49,n
650s,6,50,s
650n,6,50,n
651s,6,51,s
651n,6,51,n
652s,6,52,s
652n,6,52,n
653s,6,53,s
653n,6,53,n
654s,6,54,s
654n,6,54,n
655s,6,55,s
655n,6,55,n
656s,6,56,s
656n,6,56,n
657s,6,57,s
657n,6,57,n
658s,6,58,s
658n,6,58,n
659s,6,59,s
659n,6,59,n
70s,7,0,s
70n,7,0,n
71s,7,1,s
71n,7,1,n
72s,7,2,s
72n,7,2,n
73s,7,3,s
73n,7,3,n
74s,7,4,s
74n,7,4,n
75s,7,5,s
75n,7,5,n
76s,7,6,s
76n,7,6,n
77s,7,7,s
77n,7,7,n
78s,7,8,s
78n,7,8,n
79s,7,9,s
79n,7,9,n
710s,7,10,s
710n,7,10,n
711s,7,11,s
711n,7,11,n
712s,7,12,s
712n,7,12,n
713s,7,13,s
713n,7,13,n
714s,7,14,s
714n,7,14,n
715s,7,15,s
715n,7,15,n
716s,7,16,s
716n,7,16,n
717s,7,17,s
717n,7,17,n
718s,7,18,s
718n,7,18,n
719s,7,19,s
719n,7,19,n
720s,7,20,s
720n,7,20,n
721s,7,21,s
721n,7,21,n
722s,7,22,s
722n,7,22,n
723s,7,23,s
723n,7,23,n
724s,7,24,s
724n,7,24,n
725s,7,25,s
725n,7,25,n
726s,7,26,s
726n,7,26,n
727s,7,27,s
727n,7,27,n
728s,7,28,s
728n,7,28,n
729s,7,29,s
729n,7,29,n
730s,7,30,s
730n,7,30,n
731s,7,31,s
731n,7,31,n
732s,7,32,s
732n,7,32,n
733s,7,33,s
733n,7,33,n
734s,7,34,s
734n,7,34,n
735s,7,35,s
735n,7,35,n
736s,7,36,s
736n,7,36,n
737s,7,37,s
737n,7,37,n
738s,7,38,s
738n,7,38,n
739s,7,39,s
739n,7,39,n
740s,7,40,s
740n,7,40,n
741s,7,41,s
741n,7,41,n
742s,7,42,s
742n,7,42,n
743s,7,43,s
743n,7,43,n
744s,7,44,s
744n,7,44,n
745s,7,45,s
745n,7,45,n
746s,7,46,s
746n,7,46,n
747s,7,47,s
747n,7,47,n
748s,7,48,s
748n,7,48,n
749s,7,49,s
749n,7,49,n
750s,7,50,s
750n,7,50,n
751s,7,51,s
751n,7,51,n
752s,7,52,s
752n,7,52,n
753s,7,53,s
753n,7,53,n
754s,7,54,s
754n,7,54,n
755s,7,55,s
755n,7,55,n
756s,7,56,s
756n,7,56,n
757s,7,57,s
757n,7,57,n
758s,7,58,s
758n,7,58,n
759s,7,59,s
759n,7,59,n
80s,8,0,s
80n,8,0,n
81s,8,1,s
81n,8,1,n
82s,8,2,s
82n,8,2,n
83s,8,3,s
83n,8,3,n
84s,8,4,s
84n,8,4,n
85s,8,5,s
85n,8,5,n
86s,8,6,s
86n,8,6,n
87s,8,7,s
87n,8,7,n
88s,8,8,s
88n,8,8,n
89s,8,9,s
89n,8,9,n
810s,8,10,s
810n,8,10,n
811s,8,11,s
811n,8,11,n
812s,8,12,s
812n,8,12,n
813s,8,13,s
813n,8,13,n
814s,8,14,s
814n,8,14,n
815s,8,15,s
815n,8,15,n
816s,8,16,s
816n,8,16,n
817s,8,17,s
817n,8,17,n
818s,8,18,s
818n,8,18,n
819s,8,19,s
819n,8,19,n
820s,8,20,s
820n,8,20,n
821s,8,21,s
821n,8,21,n
822s,8,22,s
822n,8,22,n
823s,8,23,s
823n,8,23,n
824s,8,24,s
824n,8,24,n
825s,8,25,s
825n,8,25,n
826s,8,26,s
826n,8,26,n
827s,8,27,s
827n,8,27,n
828s,8,28,s
828n,8,28,n
829s,8,29,s
829n,8,29,n
830s,8,30,s
830n,8,30,n
831s,8,31,s
831n,8,31,n
832s,8,32,s
832n,8,32,n
833s,8,33,s
833n,8,33,n
834s,8,34,s
834n,8,34,n
835s,8,35,s
835n,8,35,n
836s,8,36,s
836n,8,36,n
837s,8,37,s
837n,8,37,n
838s,8,38,s
838n,8,38,n
839s,8,39,s
839n,8,39,n
840s,8,40,s
840n,8,40,n
841s,8,41,s
841n,8,41,n
842s,8,42,s
842n,8,42,n
843s,8,43,s
843n,8,43,n
844s,8,44,s
844n,8,44,n
845s,8,45,s
845n,8,45,n
846s,8,46,s
846n,8,46,n
847s,8,47,s
847n,8,47,n
848s,8,48,s
848n,8,48,n
849s,8,49,s
849n,8,49,n
850s,8,50,s
850n,8,50,n
851s,8,51,s
851n,8,51,n
852s,8,52,s
852n,8,52,n
853s,8,53,s
853n,8,53,n
854s,8,54,s
854n,8,54,n
855s,8,55,s
855n,8,55,n
856s,8,56,s
856n,8,56,n
857s,8,57,s
857n,8,57,n
858s,8,58,s
858n,8,58,n
859s,8,59,s
859n,8,59,n
90s,9,0,s
90n,9,0,n
91s,9,1,s
91n,9,1,n
92s,9,2,s
92n,9,2,n
93s,9,3,s
93n,9,3,n
94s,9,4,s
94n,9,4,n
95s,9,5,s
95n,9,5,n
96s,9,6,s
96n,9,6,n
97s,9,7,s
97n,9,7,n
98s,9,8,s
98n,9,8,n
99s,9,9,s
99n,9,9,n
910s,9,10,s
910n,9,10,n
911s,9,11,s
911n,9,11,n
912s,9,12,s
912n,9,12,n
913s,9,13,s
913n,9,13,n
914s,9,14,s
914n,9,14,n
915s,9,15,s
915n,9,15,n
916s,9,16,s
916n,9,16,n
917s,9,17,s
917n,9,17,n
918s,9,18,s
918n,9,18,n
919s,9,19,s
919n,9,19,n
920s,9,20,s
920n,9,20,n
921s,9,21,s
921n,9,21,n
922s,9,22,s
922n,9,22,n
923s,9,23,s
923n,9,23,n
924s,9,24,s
924n,9,24,n
925s,9,25,s
925n,9,25,n
926s,9,26,s
926n,9,26,n
927s,9,27,s
927n,9,27,n
928s,9,28,s
928n,9,28,n
929s,9,29,s
929n,9,29,n
930s,9,30,s
930n,9,30,n
931s,9,31,s
931n,9,31,n
932s,9,32,s
932n,9,32,n
933s,9,33,s
933n,9,33,n
934s,9,34,s
934n,9,34,n
935s,9,35,s
935n,9,35,n
936s,9,36,s
936n,9,36,n
937s,9,37,s
937n,9,37,n
938s,9,38,s
938n,9,38,n
939s,9,39,s
939n,9,39,n
940s,9,40,s
940n,9,40,n
941s,9,41,s
941n,9,41,n
942s,9,42,s
942n,9,42,n
943s,9,43,s
943n,9,43,n
944s,9,44,s
944n,9,44,n
945s,9,45,s
945n,9,45,n
946s,9,46,s
946n,9,46,n
947s,9,47,s
947n,9,47,n
948s,9,48,s
948n,9,48,n
949s,9,49,s
949n,9,49,n
950s,9,50,s
950n,9,50,n
951s,9,51,s
951n,9,51,n
952s,9,52,s
952n,9,52,n
953s,9,53,s
953n,9,53,n
954s,9,54,s
954n,9,54,n
955s,9,55,s
955n,9,55,n
956s,9,56,s
956n,9,56,n
957s,9,57,s
957n,9,57,n
958s,9,58,s
958n,9,58,n
959s,9,59,s
959n,9,59,n
100s,10,0,s
100n,10,0,n
101s,10,1,s
101n,10,1,n
102s,10,2,s
102n,10,2,n
103s,10,3,s
103n,10,3,n
104s,10,4,s
104n,10,4,n
105s,10,5,s
105n,10,5,n
106s,10,6,s
106n,10,6,n
107s,10,7,s
107n,10,7,n
108s,10,8,s
108n,10,8,n
109s,10,9,s
109n,10,9,n
1010s,10,10,s
1010n,10,10,n
1011s,10,11,s
1011n,10,11,n
1012s,10,12,s
1012n,10,12,n
1013s,10,13,s
1013n,10,13,n
1014s,10,14,s
1014n,10,14,n
1015s,10,15,s
1015n,10,15,n
1016s,10,16,s
1016n,10,16,n
1017s,10,17,s
1017n,10,17,n
1018s,10,18,s
1018n,10,18,n
1019s,10,19,s
1019n,10,19,n
1020s,10,20,s
1020n,10,20,n
1021s,10,21,s
1021n,10,21,n
1022s,10,22,s
1022n,10,22,n
1023s,10,23,s
1023n,10,23,n
1024s,10,24,s
1024n,10,24,n
1025s,10,25,s
1025n,10,25,n
1026s,10,26,s
1026n,10,26,n
1027s,10,27,s
1027n,10,27,n
1028s,10,28,s
1028n,10,28,n
1029s,10,29,s
1029n,10,29,n
1030s,10,30,s
1030n,10,30,n
1031s,10,31,s
1031n,10,31,n
1032s,10,32,s
1032n,10,32,n
1033s,10,33,s
1033n,10,33,n
1034s,10,34,s
1034n,10,34,n
1035s,10,35,s
1035n,10,35,n
1036s,10,36,s
1036n,10,36,n
1037s,10,37,s
1037n,10,37,n
1038s,10,38,s
1038n,10,38,n
1039s,10,39,s
1039n,10,39,n
1040s,10,40,s
1040n,10,40,n
1041s,10,41,s
1041n,10,41,n
1042s,10,42,s
1042n,10,42,n
1043s,10,43,s
1043n,10,43,n
1044s,10,44,s
1044n,10,44,n
1045s,10,45,s
1045n,10,45,n
1046s,10,46,s
1046n,10,46,n
1047s,10,47,s
1047n,10,47,n
1048s,10,48,s
1048n,10,48,n
1049s,10,49,s
1049n,10,49,n
1050s,10,50,s
1050n,10,50,n
1051s,10,51,s
1051n,10,51,n
1052s,10,52,s
1052n,10,52,n
1053s,10,53,s
1053n,10,53,n
1054s,10,54,s
1054n,10,54,n
1055s,10,55,s
1055n,10,55,n
1056s,10,56,s
1056n,10,56,n
1057s,10,57,s
1057n,10,57,n
1058s,10,58,s
1058n,10,58,n
1059s,10,59,s
1059n,10,59,n
110s,11,0,s
110n,11,0,n
111s,11,1,s
111n,11,1,n
112s,11,2,s
112n,11,2,n
113s,11,3,s
113n,11,3,n
114s,11,4,s
114n,11,4,n
115s,11,5,s
115n,11,5,n
116s,11,6,s
116n,11,6,n
117s,11,7,s
117n,11,7,n
118s,11,8,s
118n,11,8,n
119s,11,9,s
119n,11,9,n
1110s,11,10,s
1110n,11,10,n
1111s,11,11,s
1111n,11,11,n
1112s,11,12,s
1112n,11,12,n
1113s,11,13,s
1113n,11,13,n
1114s,11,14,s
1114n,11,14,n
1115s,11,15,s
1115n,11,15,n
1116s,11,16,s
1116n,11,16,n
1117s,11,17,s
1117n,11,17,n
1118s,11,18,s
1118n,11,18,n
1119s,11,19,s
1119n,11,19,n
1120s,11,20,s
1120n,11,20,n
1121s,11,21,s
1121n,11,21,n
1122s,11,22,s
1122n,11,22,n
1123s,11,23,s
1123n,11,23,n
1124s,11,24,s
1124n,11,24,n
1125s,11,25,s
1125n,11,25,n
1126s,11,26,s
1126n,11,26,n
1127s,11,27,s
1127n,11,27,n
1128s,11,28,s
1128n,11,28,n
1129s,11,29,s
1129n,11,29,n
1130s,11,30,s
1130n,11,30,n
1131s,11,31,s
1131n,11,31,n
1132s,11,32,s
1132n,11,32,n
1133s,11,33,s
1133n,11,33,n
1134s,11,34,s
1134n,11,34,n
1135s,11,35,s
1135n,11,35,n
1136s,11,36,s
1136n,11,36,n
1137s,11,37,s
1137n,11,37,n
1138s,11,38,s
1138n,11,38,n
1139s,11,39,s
1139n,11,39,n
1140s,11,40,s
1140n,11,40,n
1141s,11,41,s
1141n,11,41,n
1142s,11,42,s
1142n,11,42,n
1143s,11,43,s
1143n,11,43,n
1144s,11,44,s
1144n,11,44,n
1145s,11,45,s
1145n,11,45,n
1146s,11,46,s
1146n,11,46,n
1147s,11,47,s
1147n,11,47,n
1148s,11,48,s
1148n,11,48,n
1149s,11,49,s
1149n,11,49,n
1150s,11,50,s
1150n,11,50,n
1151s,11,51,s
1151n,11,51,n
1152s,11,52,s
1152n,11,52,n
1153s,11,53,s
1153n,11,53,n
1154s,11,54,s
1154n,11,54,n
1155s,11,55,s
1155n,11,55,n
1156s,11,56,s
1156n,11,56,n
1157s,11,57,s
1157n,11,57,n
1158s,11,58,s
1158n,11,58,n
1159s,11,59,s
1159n,11,59,n
120s,12,0,s
120n,12,0,n
121s,12,1,s
121n,12,1,n
122s,12,2,s
122n,12,2,n
123s,12,3,s
123n,12,3,n
124s,12,4,s
124n,12,4,n
125s,12,5,s
125n,12,5,n
126s,12,6,s
126n,12,6,n
127s,12,7,s
127n,12,7,n
128s,12,8,s
128n,12,8,n
129s,12,9,s
129n,12,9,n
1210s,12,10,s
1210n,12,10,n
1211s,12,11,s
1211n,12,11,n
1212s,12,12,s
1212n,12,12,n
1213s,12,13,s
1213n,12,13,n
1214s,12,14,s
1214n,12,14,n
1215s,12,15,s
1215n,12,15,n
1216s,12,16,s
1216n,12,16,n
1217s,12,17,s
1217n,12,17,n
1218s,12,18,s
1218n,12,18,n
1219s,12,19,s
1219n,12,19,n
1220s,12,20,s
1220n,12,20,n
1221s,12,21,s
1221n,12,21,n
1222s,12,22,s
1222n,12,22,n
1223s,12,23,s
1223n,12,23,n
1224s,12,24,s
1224n,12,24,n
1225s,12,25,s
1225n,12,25,n
1226s,12,26,s
1226n,12,26,n
1227s,12,27,s
1227n,12,27,n
1228s,12,28,s
1228n,12,28,n
1229s,12,29,s
1229n,12,29,n
1230s,12,30,s
1230n,12,30,n
1231s,12,31,s
1231n,12,31,n
1232s,12,32,s
1232n,12,32,n
1233s,12,33,s
1233n,12,33,n
1234s,12,34,s
1234n,12,34,n
1235s,12,35,s
1235n,12,35,n
1236s,12,36,s
1236n,12,36,n
1237s,12,37,s
1237n,12,37,n
1238s,12,38,s
1238n,12,38,n
1239s,12,39,s
1239n,12,39,n
1240s,12,40,s
1240n,12,40,n
1241s,12,41,s
1241n,12,41,n
1242s,12,42,s
1242n,12,42,n
1243s,12,43,s
1243n,12,43,n
1244s,12,44,s
1244n,12,44,n
1245s,12,45,s
1245n,12,45,n
1246s,12,46,s
1246n,12,46,n
1247s,12,47,s
1247n,12,47,n
1248s,12,48,s
1248n,12,48,n
1249s,12,49,s
1249n,12,49,n
1250s,12,50,s
1250n,12,50,n
1251s,12,51,s
1251n,12,51,n
1252s,12,52,s
1252n,12,52,n
1253s,12,53,s
1253n,12,53,n
1254s,12,54,s
1254n,12,54,n
1255s,12,55,s
1255n,12,55,n
1256s,12,56,s
1256n,12,56,n
1257s,12,57,s
1257n,12,57,n
1258s,12,58,s
1258n,12,58,n
1259s,12,59,s
1259n,12,59,n
130s,13,0,s
130n,13,0,n
131s,13,1,s
131n,13,1,n
132s,13,2,s
132n,13,2,n
133s,13,3,s
133n,13,3,n
134s,13,4,s
134n,13,4,n
135s,13,5,s
135n,13,5,n
136s,13,6,s
136n,13,6,n
137s,13,7,s
137n,13,7,n
138s,13,8,s
138n,13,8,n
139s,13,9,s
139n,13,9,n
1310s,13,10,s
1310n,13,10,n
1311s,13,11,s
1311n,13,11,n
1312s,13,12,s
1312n,13,12,n
1313s,13,13,s
1313n,13,13,n
1314s,13,14,s
1314n,13,14,n
1315s,13,15,s
1315n,13,15,n
1316s,13,16,s
1316n,13,16,n
1317s,13,17,s
1317n,13,17,n
1318s,13,18,s
1318n,13,18,n
1319s,13,19,s
1319n,13,19,n
1320s,13,20,s
1320n,13,20,n
1321s,13,21,s
1321n,13,21,n
1322s,13,22,s
1322n,13,22,n
1323s,13,23,s
1323n,13,23,n
1324s,13,24,s
1324n,13,24,n
1325s,13,25,s
1325n,13,25,n
1326s,13,26,s
1326n,13,26,n
1327s,13,27,s
1327n,13,27,n
1328s,13,28,s
1328n,13,28,n
1329s,13,29,s
1329n,13,29,n
1330s,13,30,s
1330n,13,30,n
1331s,13,31,s
1331n,13,31,n
1332s,13,32,s
1332n,13,32,n
1333s,13,33,s
1333n,13,33,n
1334s,13,34,s
1334n,13,34,n
1335s,13,35,s
1335n,13,35,n
1336s,13,36,s
1336n,13,36,n
1337s,13,37,s
1337n,13,37,n
1338s,13,38,s
1338n,13,38,n
1339s,13,39,s
1339n,13,39,n
1340s,13,40,s
1340n,13,40,n
1341s,13,41,s
1341n,13,41,n
1342s,13,42,s
1342n,13,42,n
1343s,13,43,s
1343n,13,43,n
1344s,13,44,s
1344n,13,44,n
1345s,13,45,s
1345n,13,45,n
1346s,13,46,s
1346n,13,46,n
1347s,13,47,s
1347n,13,47,n
1348s,13,48,s
1348n,13,48,n
1349s,13,49,s
1349n,13,49,n
1350s,13,50,s
1350n,13,50,n
1351s,13,51,s
1351n,13,51,n
1352s,13,52,s
1352n,13,52,n
1353s,13,53,s
1353n,13,53,n
1354s,13,54,s
1354n,13,54,n
1355s,13,55,s
1355n,13,55,n
1356s,13,56,s
1356n,13,56,n
1357s,13,57,s
1357n,13,57,n
1358s,13,58,s
1358n,13,58,n
1359s,13,59,s
1359n,13,59,n
140s,14,0,s
140n,14,0,n
141s,14,1,s
141n,14,1,n
142s,14,2,s
142n,14,2,n
143s,14,3,s
143n,14,3,n
144s,14,4,s
144n,14,4,n
145s,14,5,s
145n,14,5,n
146s,14,6,s
146n,14,6,n
147s,14,7,s
147n,14,7,n
148s,14,8,s
148n,14,8,n
149s,14,9,s
149n,14,9,n
1410s,14,10,s
1410n,14,10,n
1411s,14,11,s
1411n,14,11,n
1412s,14,12,s
1412n,14,12,n
1413s,14,13,s
1413n,14,13,n
1414s,14,14,s
1414n,14,14,n
1415s,14,15,s
1415n,14,15,n
1416s,14,16,s
1416n,14,16,n
1417s,14,17,s
1417n,14,17,n
1418s,14,18,s
1418n,14,18,n
1419s,14,19,s
1419n,14,19,n
1420s,14,20,s
1420n,14,20,n
1421s,14,21,s
1421n,14,21,n
1422s,14,22,s
1422n,14,22,n
1423s,14,23,s
1423n,14,23,n
1424s,14,24,s
1424n,14,24,n
1425s,14,25,s
1425n,14,25,n
1426s,14,26,s
1426n,14,26,n
1427s,14,27,s
1427n,14,27,n
1428s,14,28,s
1428n,14,28,n
1429s,14,29,s
1429n,14,29,n
1430s,14,30,s
1430n,14,30,n
1431s,14,31,s
1431n,14,31,n
1432s,14,32,s
1432n,14,32,n
1433s,14,33,s
1433n,14,33,n
1434s,14,34,s
1434n,14,34,n
1435s,14,35,s
1435n,14,35,n
1436s,14,36,s
1436n,14,36,n
1437s,14,37,s
1437n,14,37,n
1438s,14,38,s
1438n,14,38,n
1439s,14,39,s
1439n,14,39,n
1440s,14,40,s
1440n,14,40,n
1441s,14,41,s
1441n,14,41,n
1442s,14,42,s
1442n,14,42,n
1443s,14,43,s
1443n,14,43,n
1444s,14,44,s
1444n,14,44,n
1445s,14,45,s
1445n,14,45,n
1446s,14,46,s
1446n,14,46,n
1447s,14,47,s
1447n,14,47,n
1448s,14,48,s
1448n,14,48,n
1449s,14,49,s
1449n,14,49,n
1450s,14,50,s
1450n,14,50,n
1451s,14,51,s
1451n,14,51,n
1452s,14,52,s
1452n,14,52,n
1453s,14,53,s
1453n,14,53,n
1454s,14,54,s
1454n,14,54,n
1455s,14,55,s
1455n,14,55,n
1456s,14,56,s
1456n,14,56,n
1457s,14,57,s
1457n,14,57,n
1458s,14,58,s
1458n,14,58,n
1459s,14,59,s
1459n,14,59,n
150s,15,0,s
150n,15,0,n
151s,15,1,s
151n,15,1,n
152s,15,2,s
152n,15,2,n
153s,15,3,s
153n,15,3,n
154s,15,4,s
154n,15,4,n
155s,15,5,s
155n,15,5,n
156s,15,6,s
156n,15,6,n
157s,15,7,s
157n,15,7,n
158s,15,8,s
158n,15,8,n
159s,15,9,s
159n,15,9,n
1510s,15,10,s
1510n,15,10,n
1511s,15,11,s
1511n,15,11,n
1512s,15,12,s
1512n,15,12,n
1513s,15,13,s
1513n,15,13,n
1514s,15,14,s
1514n,15,14,n
1515s,15,15,s
1515n,15,15,n
1516s,15,16,s
1516n,15,16,n
1517s,15,17,s
1517n,15,17,n
1518s,15,18,s
1518n,15,18,n
1519s,15,19,s
1519n,15,19,n
1520s,15,20,s
1520n,15,20,n
1521s,15,21,s
1521n,15,21,n
1522s,15,22,s
1522n,15,22,n
1523s,15,23,s
1523n,15,23,n
1524s,15,24,s
1524n,15,24,n
1525s,15,25,s
1525n,15,25,n
1526s,15,26,s
1526n,15,26,n
1527s,15,27,s
1527n,15,27,n
1528s,15,28,s
1528n,15,28,n
1529s,15,29,s
1529n,15,29,n
1530s,15,30,s
1530n,15,30,n
1531s,15,31,s
1531n,15,31,n
1532s,15,32,s
1532n,15,32,n
1533s,15,33,s
1533n,15,33,n
1534s,15,34,s
1534n,15,34,n
1535s,15,35,s
1535n,15,35,n
1536s,15,36,s
1536n,15,36,n
1537s,15,37,s
1537n,15,37,n
1538s,15,38,s
1538n,15,38,n
1539s,15,39,s
1539n,15,39,n
1540s,15,40,s
1540n,15,40,n
1541s,15,41,s
1541n,15,41,n
1542s,15,42,s
1542n,15,42,n
1543s,15,43,s
1543n,15,43,n
1544s,15,44,s
1544n,15,44,n
1545s,15,45,s
1545n,15,45,n
1546s,15,46,s
1546n,15,46,n
1547s,15,47,s
1547n,15,47,n
1548s,15,48,s
1548n,15,48,n
1549s,15,49,s
1549n,15,49,n
1550s,15,50,s
1550n,15,50,n
1551s,15,51,s
1551n,15,51,n
1552s,15,52,s
1552n,15,52,n
1553s,15,53,s
1553n,15,53,n
1554s,15,54,s
1554n,15,54,n
1555s,15,55,s
1555n,15,55,n
1556s,15,56,s
1556n,15,56,n
1557s,15,57,s
1557n,15,57,n
1558s,15,58,s
1558n,15,58,n
1559s,15,59,s
1559n,15,59,n
160s,16,0,s
160n,16,0,n
161s,16,1,s
161n,16,1,n
162s,16,2,s
162n,16,2,n
163s,16,3,s
163n,16,3,n
164s,16,4,s
164n,16,4,n
165s,16,5,s
165n,16,5,n
166s,16,6,s
166n,16,6,n
167s,16,7,s
167n,16,7,n
168s,16,8,s
168n,16,8,n
169s,16,9,s
169n,16,9,n
1610s,16,10,s
1610n,16,10,n
1611s,16,11,s
1611n,16,11,n
1612s,16,12,s
1612n,16,12,n
1613s,16,13,s
1613n,16,13,n
1614s,16,14,s
1614n,16,14,n
1615s,16,15,s
1615n,16,15,n
1616s,16,16,s
1616n,16,16,n
1617s,16,17,s
1617n,16,17,n
1618s,16,18,s
1618n,16,18,n
1619s,16,19,s
1619n,16,19,n
1620s,16,20,s
1620n,16,20,n
1621s,16,21,s
1621n,16,21,n
1622s,16,22,s
1622n,16,22,n
1623s,16,23,s
1623n,16,23,n
1624s,16,24,s
1624n,16,24,n
1625s,16,25,s
1625n,16,25,n
1626s,16,26,s
1626n,16,26,n
1627s,16,27,s
1627n,16,27,n
1628s,16,28,s
1628n,16,28,n
1629s,16,29,s
1629n,16,29,n
1630s,16,30,s
1630n,16,30,n
1631s,16,31,s
1631n,16,31,n
1632s,16,32,s
1632n,16,32,n
1633s,16,33,s
1633n,16,33,n
1634s,16,34,s
1634n,16,34,n
1635s,16,35,s
1635n,16,35,n
1636s,16,36,s
1636n,16,36,n
1637s,16,37,s
1637n,16,37,n
1638s,16,38,s
1638n,16,38,n
1639s,16,39,s
1639n,16,39,n
1640s,16,40,s
1640n,16,40,n
1641s,16,41,s
1641n,16,41,n
1642s,16,42,s
1642n,16,42,n
1643s,16,43,s
1643n,16,43,n
1644s,16,44,s
1644n,16,44,n
1645s,16,45,s
1645n,16,45,n
1646s,16,46,s
1646n,16,46,n
1647s,16,47,s
1647n,16,47,n
1648s,16,48,s
1648n,16,48,n
1649s,16,49,s
1649n,16,49,n
1650s,16,50,s
1650n,16,50,n
1651s,16,51,s
1651n,16,51,n
1652s,16,52,s
1652n,16,52,n
1653s,16,53,s
1653n,16,53,n
1654s,16,54,s
1654n,16,54,n
1655s,16,55,s
1655n,16,55,n
1656s,16,56,s
1656n,16,56,n
1657s,16,57,s
1657n,16,57,n
1658s,16,58,s
1658n,16,58,n
1659s,16,59,s
1659n,16,59,n
170s,17,0,s
170n,17,0,n
171s,17,1,s
171n,17,1,n
172s,17,2,s
172n,17,2,n
173s,17,3,s
173n,17,3,n
174s,17,4,s
174n,17,4,n
175s,17,5,s
175n,17,5,n
176s,17,6,s
176n,17,6,n
177s,17,7,s
177n,17,7,n
178s,17,8,s
178n,17,8,n
179s,17,9,s
179n,17,9,n
1710s,17,10,s
1710n,17,10,n
1711s,17,11,s
1711n,17,11,n
1712s,17,12,s
1712n,17,12,n
1713s,17,13,s
1713n,17,13,n
1714s,17,14,s
1714n,17,14,n
1715s,17,15,s
1715n,17,15,n
1716s,17,16,s
1716n,17,16,n
1717s,17,17,s
1717n,17,17,n
1718s,17,18,s
1718n,17,18,n
1719s,17,19,s
1719n,17,19,n
1720s,17,20,s
1720n,17,20,n
1721s,17,21,s
1721n,17,21,n
1722s,17,22,s
1722n,17,22,n
1723s,17,23,s
1723n,17,23,n
1724s,17,24,s
1724n,17,24,n
1725s,17,25,s
1725n,17,25,n
1726s,17,26,s
1726n,17,26,n
1727s,17,27,s
1727n,17,27,n
1728s,17,28,s
1728n,17,28,n
1729s,17,29,s
1729n,17,29,n
1730s,17,30,s
1730n,17,30,n
1731s,17,31,s
1731n,17,31,n
1732s,17,32,s
1732n,17,32,n
1733s,17,33,s
1733n,17,33,n
1734s,17,34,s
1734n,17,34,n
1735s,17,35,s
1735n,17,35,n
1736s,17,36,s
1736n,17,36,n
1737s,17,37,s
1737n,17,37,n
1738s,17,38,s
1738n,17,38,n
1739s,17,39,s
1739n,17,39,n
1740s,17,40,s
1740n,17,40,n
1741s,17,41,s
1741n,17,41,n
1742s,17,42,s
1742n,17,42,n
1743s,17,43,s
1743n,17,43,n
1744s,17,44,s
1744n,17,44,n
1745s,17,45,s
1745n,17,45,n
1746s,17,46,s
1746n,17,46,n
1747s,17,47,s
1747n,17,47,n
1748s,17,48,s
1748n,17,48,n
1749s,17,49,s
1749n,17,49,n
1750s,17,50,s
1750n,17,50,n
1751s,17,51,s
1751n,17,51,n
1752s,17,52,s
1752n,17,52,n
1753s,17,53,s
1753n,17,53,n
1754s,17,54,s
1754n,17,54,n
1755s,17,55,s
1755n,17,55,n
1756s,17,56,s
1756n,17,56,n
1757s,17,57,s
1757n,17,57,n
1758s,17,58,s
1758n,17,58,n
1759s,17,59,s
1759n,17,59,n
180s,18,0,s
180n,18,0,n
181s,18,1,s
181n,18,1,n
182s,18,2,s
182n,18,2,n
183s,18,3,s
183n,18,3,n
184s,18,4,s
184n,18,4,n
185s,18,5,s
185n,18,5,n
186s,18,6,s
186n,18,6,n
187s,18,7,s
187n,18,7,n
188s,18,8,s
188n,18,8,n
189s,18,9,s
189n,18,9,n
1810s,18,10,s
1810n,18,10,n
1811s,18,11,s
1811n,18,11,n
1812s,18,12,s
1812n,18,12,n
1813s,18,13,s
1813n,18,13,n
1814s,18,14,s
1814n,18,14,n
1815s,18,15,s
1815n,18,15,n
1816s,18,16,s
1816n,18,16,n
1817s,18,17,s
1817n,18,17,n
1818s,18,18,s
1818n,18,18,n
1819s,18,19,s
1819n,18,19,n
1820s,18,20,s
1820n,18,20,n
1821s,18,21,s
1821n,18,21,n
1822s,18,22,s
1822n,18,22,n
1823s,18,23,s
1823n,18,23,n
1824s,18,24,s
1824n,18,24,n
1825s,18,25,s
1825n,18,25,n
1826s,18,26,s
1826n,18,26,n
1827s,18,27,s
1827n,18,27,n
1828s,18,28,s
1828n,18,28,n
1829s,18,29,s
1829n,18,29,n
1830s,18,30,s
1830n,18,30,n
1831s,18,31,s
1831n,18,31,n
1832s,18,32,s
1832n,18,32,n
1833s,18,33,s
1833n,18,33,n
1834s,18,34,s
1834n,18,34,n
1835s,18,35,s
1835n,18,35,n
1836s,18,36,s
1836n,18,36,n
1837s,18,37,s
1837n,18,37,n
1838s,18,38,s
1838n,18,38,n
1839s,18,39,s
1839n,18,39,n
1840s,18,40,s
1840n,18,40,n
1841s,18,41,s
1841n,18,41,n
1842s,18,42,s
1842n,18,42,n
1843s,18,43,s
1843n,18,43,n
1844s,18,44,s
1844n,18,44,n
1845s,18,45,s
1845n,18,45,n
1846s,18,46,s
1846n,18,46,n
1847s,18,47,s
1847n,18,47,n
1848s,18,48,s
1848n,18,48,n
1849s,18,49,s
1849n,18,49,n
1850s,18,50,s
1850n,18,50,n
1851s,18,51,s
1851n,18,51,n
1852s,18,52,s
1852n,18,52,n
1853s,18,53,s
1853n,18,53,n
1854s,18,54,s
1854n,18,54,n
1855s,18,55,s
1855n,18,55,n
1856s,18,56,s
1856n,18,56,n
1857s,18,57,s
1857n,18,57,n
1858s,18,58,s
1858n,18,58,n
1859s,18,59,s
1859n,18,59,n
190s,19,0,s
190n,19,0,n
191s,19,1,s
191n,19,1,n
192s,19,2,s
192n,19,2,n
193s,19,3,s
193n,19,3,n
194s,19,4,s
194n,19,4,n
195s,19,5,s
195n,19,5,n
196s,19,6,s
196n,19,6,n
197s,19,7,s
197n,19,7,n
198s,19,8,s
198n,19,8,n
199s,19,9,s
199n,19,9,n
1910s,19,10,s
1910n,19,10,n
1911s,19,11,s
1911n,19,11,n
1912s,19,12,s
1912n,19,12,n
1913s,19,13,s
1913n,19,13,n
1914s,19,14,s
1914n,19,14,n
1915s,19,15,s
1915n,19,15,n
1916s,19,16,s
1916n,19,16,n
1917s,19,17,s
1917n,19,17,n
1918s,19,18,s
1918n,19,18,n
1919s,19,19,s
1919n,19,19,n
1920s,19,20,s
1920n,19,20,n
1921s,19,21,s
1921n,19,21,n
1922s,19,22,s
1922n,19,22,n
1923s,19,23,s
1923n,19,23,n
1924s,19,24,s
1924n,19,24,n
1925s,19,25,s
1925n,19,25,n
1926s,19,26,s
1926n,19,26,n
1927s,19,27,s
1927n,19,27,n
1928s,19,28,s
1928n,19,28,n
1929s,19,29,s
1929n,19,29,n
1930s,19,30,s
1930n,19,30,n
1931s,19,31,s
1931n,19,31,n
1932s,19,32,s
1932n,19,32,n
1933s,19,33,s
1933n,19,33,n
1934s,19,34,s
1934n,19,34,n
1935s,19,35,s
1935n,19,35,n
1936s,19,36,s
1936n,19,36,n
1937s,19,37,s
1937n,19,37,n
1938s,19,38,s
1938n,19,38,n
1939s,19,39,s
1939n,19,39,n
1940s,19,40,s
1940n,19,40,n
1941s,19,41,s
1941n,19,41,n
1942s,19,42,s
1942n,19,42,n
1943s,19,43,s
1943n,19,43,n
1944s,19,44,s
1944n,19,44,n
1945s,19,45,s
1945n,19,45,n
1946s,19,46,s
1946n,19,46,n
1947s,19,47,s
1947n,19,47,n
1948s,19,48,s
1948n,19,48,n
1949s,19,49,s
1949n,19,49,n
1950s,19,50,s
1950n,19,50,n
1951s,19,51,s
1951n,19,51,n
1952s,19,52,s
1952n,19,52,n
1953s,19,53,s
1953n,19,53,n
1954s,19,54,s
1954n,19,54,n
1955s,19,55,s
1955n,19,55,n
1956s,19,56,s
1956n,19,56,n
1957s,19,57,s
1957n,19,57,n
1958s,19,58,s
1958n,19,58,n
1959s,19,59,s
1959n,19,59,n
200s,20,0,s
200n,20,0,n
201s,20,1,s
201n,20,1,n
202s,20,2,s
202n,20,2,n
203s,20,3,s
203n,20,3,n
204s,20,4,s
204n,20,4,n
205s,20,5,s
205n,20,5,n
206s,20,6,s
206n,20,6,n
207s,20,7,s
207n,20,7,n
208s,20,8,s
208n,20,8,n
209s,20,9,s
209n,20,9,n
2010s,20,10,s
2010n,20,10,n
2011s,20,11,s
2011n,20,11,n
2012s,20,12,s
2012n,20,12,n
2013s,20,13,s
2013n,20,13,n
2014s,20,14,s
2014n,20,14,n
2015s,20,15,s
2015n,20,15,n
2016s,20,16,s
2016n,20,16,n
2017s,20,17,s
2017n,20,17,n
2018s,20,18,s
2018n,20,18,n
2019s,20,19,s
2019n,20,19,n
2020s,20,20,s
2020n,20,20,n
2021s,20,21,s
2021n,20,21,n
2022s,20,22,s
2022n,20,22,n
2023s,20,23,s
2023n,20,23,n
2024s,20,24,s
2024n,20,24,n
2025s,20,25,s
2025n,20,25,n
2026s,20,26,s
2026n,20,26,n
2027s,20,27,s
2027n,20,27,n
2028s,20,28,s
2028n,20,28,n
2029s,20,29,s
2029n,20,29,n
2030s,20,30,s
2030n,20,30,n
2031s,20,31,s
2031n,20,31,n
2032s,20,32,s
2032n,20,32,n
2033s,20,33,s
2033n,20,33,n
2034s,20,34,s
2034n,20,34,n
2035s,20,35,s
2035n,20,35,n
2036s,20,36,s
2036n,20,36,n
2037s,20,37,s
2037n,20,37,n
2038s,20,38,s
2038n,20,38,n
2039s,20,39,s
2039n,20,39,n
2040s,20,40,s
2040n,20,40,n
2041s,20,41,s
2041n,20,41,n
2042s,20,42,s
2042n,20,42,n
2043s,20,43,s
2043n,20,43,n
2044s,20,44,s
2044n,20,44,n
2045s,20,45,s
2045n,20,45,n
2046s,20,46,s
2046n,20,46,n
2047s,20,47,s
2047n,20,47,n
2048s,20,48,s
2048n,20,48,n
2049s,20,49,s
2049n,20,49,n
2050s,20,50,s
2050n,20,50,n
2051s,20,51,s
2051n,20,51,n
2052s,20,52,s
2052n,20,52,n
2053s,20,53,s
2053n,20,53,n
2054s,20,54,s
2054n,20,54,n
2055s,20,55,s
2055n,20,55,n
2056s,20,56,s
2056n,20,56,n
2057s,20,57,s
2057n,20,57,n
2058s,20,58,s
2058n,20,58,n
2059s,20,59,s
2059n,20,59,n
210s,21,0,s
210n,21,0,n
211s,21,1,s
211n,21,1,n
212s,21,2,s
212n,21,2,n
213s,21,3,s
213n,21,3,n
214s,21,4,s
214n,21,4,n
215s,21,5,s
215n,21,5,n
216s,21,6,s
216n,21,6,n
217s,21,7,s
217n,21,7,n
218s,21,8,s
218n,21,8,n
219s,21,9,s
219n,21,9,n
2110s,21,10,s
2110n,21,10,n
2111s,21,11,s
2111n,21,11,n
2112s,21,12,s
2112n,21,12,n
2113s,21,13,s
2113n,21,13,n
2114s,21,14,s
2114n,21,14,n
2115s,21,15,s
2115n,21,15,n
2116s,21,16,s
2116n,21,16,n
2117s,21,17,s
2117n,21,17,n
2118s,21,18,s
2118n,21,18,n
2119s,21,19,s
2119n,21,19,n
2120s,21,20,s
2120n,21,20,n
2121s,21,21,s
2121n,21,21,n
2122s,21,22,s
2122n,21,22,n
2123s,21,23,s
2123n,21,23,n
2124s,21,24,s
2124n,21,24,n
2125s,21,25,s
2125n,21,25,n
2126s,21,26,s
2126n,21,26,n
2127s,21,27,s
2127n,21,27,n
2128s,21,28,s
2128n,21,28,n
2129s,21,29,s
2129n,21,29,n
2130s,21,30,s
2130n,21,30,n
2131s,21,31,s
2131n,21,31,n
2132s,21,32,s
2132n,21,32,n
2133s,21,33,s
2133n,21,33,n
2134s,21,34,s
2134n,21,34,n
2135s,21,35,s
2135n,21,35,n
2136s,21,36,s
2136n,21,36,n
2137s,21,37,s
2137n,21,37,n
2138s,21,38,s
2138n,21,38,n
2139s,21,39,s
2139n,21,39,n
2140s,21,40,s
2140n,21,40,n
2141s,21,41,s
2141n,21,41,n
2142s,21,42,s
2142n,21,42,n
2143s,21,43,s
2143n,21,43,n
2144s,21,44,s
2144n,21,44,n
2145s,21,45,s
2145n,21,45,n
2146s,21,46,s
2146n,21,46,n
2147s,21,47,s
2147n,21,47,n
2148s,21,48,s
2148n,21,48,n
2149s,21,49,s
2149n,21,49,n
2150s,21,50,s
2150n,21,50,n
2151s,21,51,s
2151n,21,51,n
2152s,21,52,s
2152n,21,52,n
2153s,21,53,s
2153n,21,53,n
2154s,21,54,s
2154n,21,54,n
2155s,21,55,s
2155n,21,55,n
2156s,21,56,s
2156n,21,56,n
2157s,21,57,s
2157n,21,57,n
2158s,21,58,s
2158n,21,58,n
2159s,21,59,s
2159n,21,59,n
220s,22,0,s
220n,22,0,n
221s,22,1,s
221n,22,1,n
222s,22,2,s
222n,22,2,n
223s,22,3,s
223n,22,3,n
224s,22,4,s
224n,22,4,n
225s,22,5,s
225n,22,5,n
226s,22,6,s
226n,22,6,n
227s,22,7,s
227n,22,7,n
228s,22,8,s
228n,22,8,n
229s,22,9,s
229n,22,9,n
2210s,22,10,s
2210n,22,10,n
2211s,22,11,s
2211n,22,11,n
2212s,22,12,s
2212n,22,12,n
2213s,22,13,s
2213n,22,13,n
2214s,22,14,s
2214n,22,14,n
2215s,22,15,s
2215n,22,15,n
2216s,22,16,s
2216n,22,16,n
2217s,22,17,s
2217n,22,17,n
2218s,22,18,s
2218n,22,18,n
2219s,22,19,s
2219n,22,19,n
2220s,22,20,s
2220n,22,20,n
2221s,22,21,s
2221n,22,21,n
2222s,22,22,s
2222n,22,22,n
2223s,22,23,s
2223n,22,23,n
2224s,22,24,s
2224n,22,24,n
2225s,22,25,s
2225n,22,25,n
2226s,22,26,s
2226n,22,26,n
2227s,22,27,s
2227n,22,27,n
2228s,22,28,s
2228n,22,28,n
2229s,22,29,s
2229n,22,29,n
2230s,22,30,s
2230n,22,30,n
2231s,22,31,s
2231n,22,31,n
2232s,22,32,s
2232n,22,32,n
2233s,22,33,s
2233n,22,33,n
2234s,22,34,s
2234n,22,34,n
2235s,22,35,s
2235n,22,35,n
2236s,22,36,s
2236n,22,36,n
2237s,22,37,s
2237n,22,37,n
2238s,22,38,s
2238n,22,38,n
2239s,22,39,s
2239n,22,39,n
2240s,22,40,s
2240n,22,40,n
2241s,22,41,s
2241n,22,41,n
2242s,22,42,s
2242n,22,42,n
2243s,22,43,s
2243n,22,43,n
2244s,22,44,s
2244n,22,44,n
2245s,22,45,s
2245n,22,45,n
2246s,22,46,s
2246n,22,46,n
2247s,22,47,s
2247n,22,47,n
2248s,22,48,s
2248n,22,48,n
2249s,22,49,s
2249n,22,49,n
2250s,22,50,s
2250n,22,50,n
2251s,22,51,s
2251n,22,51,n
2252s,22,52,s
2252n,22,52,n
2253s,22,53,s
2253n,22,53,n
2254s,22,54,s
2254n,22,54,n
2255s,22,55,s
2255n,22,55,n
2256s,22,56,s
2256n,22,56,n
2257s,22,57,s
2257n,22,57,n
2258s,22,58,s
2258n,22,58,n
2259s,22,59,s
2259n,22,59,n
230s,23,0,s
230n,23,0,n
231s,23,1,s
231n,23,1,n
232s,23,2,s
232n,23,2,n
233s,23,3,s
233n,23,3,n
234s,23,4,s
234n,23,4,n
235s,23,5,s
235n,23,5,n
236s,23,6,s
236n,23,6,n
237s,23,7,s
237n,23,7,n
238s,23,8,s
238n,23,8,n
239s,23,9,s
239n,23,9,n
2310s,23,10,s
2310n,23,10,n
2311s,23,11,s
2311n,23,11,n
2312s,23,12,s
2312n,23,12,n
2313s,23,13,s
2313n,23,13,n
2314s,23,14,s
2314n,23,14,n
2315s,23,15,s
2315n,23,15,n
2316s,23,16,s
2316n,23,16,n
2317s,23,17,s
2317n,23,17,n
2318s,23,18,s
2318n,23,18,n
2319s,23,19,s
2319n,23,19,n
2320s,23,20,s
2320n,23,20,n
2321s,23,21,s
2321n,23,21,n
2322s,23,22,s
2322n,23,22,n
2323s,23,23,s
2323n,23,23,n
2324s,23,24,s
2324n,23,24,n
2325s,23,25,s
2325n,23,25,n
2326s,23,26,s
2326n,23,26,n
2327s,23,27,s
2327n,23,27,n
2328s,23,28,s
2328n,23,28,n
2329s,23,29,s
2329n,23,29,n
2330s,23,30,s
2330n,23,30,n
2331s,23,31,s
2331n,23,31,n
2332s,23,32,s
2332n,23,32,n
2333s,23,33,s
2333n,23,33,n
2334s,23,34,s
2334n,23,34,n
2335s,23,35,s
2335n,23,35,n
2336s,23,36,s
2336n,23,36,n
2337s,23,37,s
2337n,23,37,n
2338s,23,38,s
2338n,23,38,n
2339s,23,39,s
2339n,23,39,n
2340s,23,40,s
2340n,23,40,n
2341s,23,41,s
2341n,23,41,n
2342s,23,42,s
2342n,23,42,n
2343s,23,43,s
2343n,23,43,n
2344s,23,44,s
2344n,23,44,n
2345s,23,45,s
2345n,23,45,n
2346s,23,46,s
2346n,23,46,n
2347s,23,47,s
2347n,23,47,n
2348s,23,48,s
2348n,23,48,n
2349s,23,49,s
2349n,23,49,n
2350s,23,50,s
2350n,23,50,n
2351s,23,51,s
2351n,23,51,n
2352s,23,52,s
2352n,23,52,n
2353s,23,53,s
2353n,23,53,n
2354s,23,54,s
2354n,23,54,n
2355s,23,55,s
2355n,23,55,n
2356s,23,56,s
2356n,23,56,n
2357s,23,57,s
2357n,23,57,n
2358s,23,58,s
2358n,23,58,n
2359s,23,59,s
2359n,23,59,n
